-- phpMyAdmin SQL Dump
-- version 4.2.11
-- http://www.phpmyadmin.net
--
-- Host: 127.0.0.1
-- Generation Time: May 31, 2017 at 12:29 PM
-- Server version: 5.6.21
-- PHP Version: 5.6.3

SET SQL_MODE = "NO_AUTO_VALUE_ON_ZERO";
SET time_zone = "+00:00";


/*!40101 SET @OLD_CHARACTER_SET_CLIENT=@@CHARACTER_SET_CLIENT */;
/*!40101 SET @OLD_CHARACTER_SET_RESULTS=@@CHARACTER_SET_RESULTS */;
/*!40101 SET @OLD_COLLATION_CONNECTION=@@COLLATION_CONNECTION */;
/*!40101 SET NAMES utf8 */;

--
-- Database: `union`
--

-- --------------------------------------------------------

--
-- Table structure for table `admin`
--

CREATE TABLE IF NOT EXISTS `admin` (
`id` int(11) NOT NULL,
  `email` varchar(128) NOT NULL,
  `password` varchar(100) CHARACTER SET utf8 NOT NULL DEFAULT '' COMMENT '60 digit',
  `token` varchar(100) CHARACTER SET utf8 NOT NULL DEFAULT '',
  `level` int(1) NOT NULL,
  `status` int(1) NOT NULL,
  `IP` varchar(100) CHARACTER SET utf8 NOT NULL DEFAULT '',
  `first_name` varchar(25) CHARACTER SET utf8 NOT NULL,
  `last_name` varchar(25) CHARACTER SET utf8 NOT NULL,
  `phn` varchar(30) CHARACTER SET utf8 NOT NULL,
  `address` text CHARACTER SET utf8 NOT NULL,
  `avatar` varchar(20) CHARACTER SET utf8 NOT NULL DEFAULT 'default.png',
  `joined_date` timestamp NOT NULL DEFAULT CURRENT_TIMESTAMP,
  `online_timestamp` varchar(30) CHARACTER SET utf8 NOT NULL
) ENGINE=InnoDB AUTO_INCREMENT=2 DEFAULT CHARSET=latin1;

--
-- Dumping data for table `admin`
--

INSERT INTO `admin` (`id`, `email`, `password`, `token`, `level`, `status`, `IP`, `first_name`, `last_name`, `phn`, `address`, `avatar`, `joined_date`, `online_timestamp`) VALUES
(1, 'admin@test.com', '$2a$12$194Ikhvx5AZ9.HijXdjutu2DtnItiLCeo9X8jeEkn.uTh6VHN6j.S', 'a1693ac5e2cedcef6d3d9817d2c01813', 2, 1, '', 'Super', 'Admin', '0123456789', 'Dhaka, Bangladesh', 'default.png', '2016-09-27 05:30:48', '1496052646');

-- --------------------------------------------------------

--
-- Table structure for table `app_curr_service`
--

CREATE TABLE IF NOT EXISTS `app_curr_service` (
  `id` int(11) NOT NULL,
  `curr_service` varchar(200) NOT NULL
) ENGINE=InnoDB DEFAULT CHARSET=utf8;

--
-- Dumping data for table `app_curr_service`
--

INSERT INTO `app_curr_service` (`id`, `curr_service`) VALUES
(1, '7'),
(1, '9'),
(2, '9'),
(2, '10');

-- --------------------------------------------------------

--
-- Table structure for table `app_family`
--

CREATE TABLE IF NOT EXISTS `app_family` (
`id` int(11) NOT NULL,
  `parent_id` int(11) NOT NULL,
  `father_name` varchar(100) NOT NULL,
  `father_nid` varchar(30) NOT NULL,
  `mother_name` varchar(100) NOT NULL,
  `mother_nid` varchar(30) NOT NULL,
  `marital_status` varchar(20) NOT NULL,
  `husband_name` varchar(100) NOT NULL,
  `husband_nid` varchar(30) NOT NULL,
  `wife_name` varchar(100) NOT NULL,
  `wife_nid` varchar(30) NOT NULL,
  `family_member` varchar(10) NOT NULL,
  `family_desc` text NOT NULL
) ENGINE=InnoDB AUTO_INCREMENT=3 DEFAULT CHARSET=utf8;

--
-- Dumping data for table `app_family`
--

INSERT INTO `app_family` (`id`, `parent_id`, `father_name`, `father_nid`, `mother_name`, `mother_nid`, `marital_status`, `husband_name`, `husband_nid`, `wife_name`, `wife_nid`, `family_member`, `family_desc`) VALUES
(1, 1, 'father name', '13468468', 'mother name', '4658789798', 'yes', 'husname', '132465132', 'wife name', '132465798', '10 person', 'family member desc'),
(2, 2, 'faather name', '132465798', 'mother name', '132465798', 'yes', 'asdf', 'asdf', 'asdfsdf', 'asd', 'fasdf', 'asdfasd');

-- --------------------------------------------------------

--
-- Table structure for table `app_finance`
--

CREATE TABLE IF NOT EXISTS `app_finance` (
`id` int(11) NOT NULL,
  `parent_id` int(11) NOT NULL,
  `house_desc` text NOT NULL,
  `house_image` varchar(255) NOT NULL,
  `land` varchar(100) NOT NULL,
  `earn_person` varchar(20) NOT NULL,
  `earn_source` varchar(30) NOT NULL,
  `monthly_income` varchar(30) NOT NULL,
  `cause_poorness` text NOT NULL
) ENGINE=InnoDB AUTO_INCREMENT=3 DEFAULT CHARSET=utf8;

--
-- Dumping data for table `app_finance`
--

INSERT INTO `app_finance` (`id`, `parent_id`, `house_desc`, `house_image`, `land`, `earn_person`, `earn_source`, `monthly_income`, `cause_poorness`) VALUES
(1, 1, 'house desc', '9053e59d8fde25aab753e87f7890f3af.jpg', '10 shottok', '2 person', 'earn source', '10 k', 'cause of poorness'),
(2, 2, 'adsfasdf', '1f244e54b373a1cd439cf00eac92b869.jpg', 'asdf', 'asdfa', 'asd', 'fa', 'sdfasdf');

-- --------------------------------------------------------

--
-- Table structure for table `app_interested_service`
--

CREATE TABLE IF NOT EXISTS `app_interested_service` (
`id` int(11) NOT NULL,
  `parent_id` int(11) NOT NULL,
  `inter_service` int(11) NOT NULL,
  `success_way` text NOT NULL,
  `inter_trainings` varchar(100) NOT NULL,
  `sp_info` text NOT NULL
) ENGINE=InnoDB AUTO_INCREMENT=3 DEFAULT CHARSET=utf8;

--
-- Dumping data for table `app_interested_service`
--

INSERT INTO `app_interested_service` (`id`, `parent_id`, `inter_service`, `success_way`, `inter_trainings`, `sp_info`) VALUES
(1, 1, 4, 'way to over come poorness', 'training', 'sp info'),
(2, 2, 7, 'sdf', 'asdfasdf', 'asdfasd');

-- --------------------------------------------------------

--
-- Table structure for table `app_inter_service`
--

CREATE TABLE IF NOT EXISTS `app_inter_service` (
  `id` int(11) NOT NULL,
  `inter_service` varchar(200) NOT NULL
) ENGINE=InnoDB DEFAULT CHARSET=utf8;

-- --------------------------------------------------------

--
-- Table structure for table `app_personal`
--

CREATE TABLE IF NOT EXISTS `app_personal` (
`id` int(11) NOT NULL,
  `name` varchar(100) NOT NULL,
  `gender` varchar(30) NOT NULL,
  `birth_date` varchar(30) NOT NULL,
  `birth_id` varchar(30) NOT NULL,
  `nid` varchar(30) NOT NULL,
  `mobile` varchar(30) NOT NULL,
  `image` varchar(255) NOT NULL,
  `district` varchar(100) NOT NULL,
  `sub_district` varchar(100) NOT NULL,
  `union` varchar(100) NOT NULL,
  `word_no` varchar(30) NOT NULL,
  `village` varchar(100) NOT NULL,
  `house_name` varchar(100) NOT NULL,
  `holdings_no` varchar(30) NOT NULL,
  `education` varchar(100) NOT NULL,
  `profession` varchar(100) NOT NULL,
  `capability` varchar(100) NOT NULL,
  `disability` varchar(30) NOT NULL,
  `religion` varchar(30) NOT NULL,
  `app_status` int(1) NOT NULL COMMENT '0=refu, 1=pend, 2=appr',
  `status` int(1) NOT NULL COMMENT '1 = active, 0 = inactive ',
  `create_by` int(11) NOT NULL,
  `create_date` timestamp NOT NULL DEFAULT CURRENT_TIMESTAMP ON UPDATE CURRENT_TIMESTAMP
) ENGINE=InnoDB AUTO_INCREMENT=3 DEFAULT CHARSET=utf8;

--
-- Dumping data for table `app_personal`
--

INSERT INTO `app_personal` (`id`, `name`, `gender`, `birth_date`, `birth_id`, `nid`, `mobile`, `image`, `district`, `sub_district`, `union`, `word_no`, `village`, `house_name`, `holdings_no`, `education`, `profession`, `capability`, `disability`, `religion`, `app_status`, `status`, `create_by`, `create_date`) VALUES
(1, 'Morjina Begum', 'female', '01-06-2017', '1325487', '798654113', '132465798', '935c7f2af3d4b56aec06cd355286f30f.jpg', 'chand pur', 'chand pur shodor', 'bagadi', 'a', 'v', 'house name', 'holdings name', 'a', 'student', 'complete_disable', 'no', 'islame', 2, 1, 0, '2017-05-31 09:42:18'),
(2, 'Monir Ahmed', 'male', '31-05-2017', '123456798', '46579813132', '.0132798', '02dd5125c252f8ac8bb14d4f31160d5e.jpg', 'chand pur', 'chand pur shodor', 'bagadi', 'v', 'd', 'ho name', '40 holdings nam', 'নির্বাচন করুন', 'student', 'partial_disable', 'no', 'islame', 2, 1, 0, '2017-05-31 09:42:47');

-- --------------------------------------------------------

--
-- Table structure for table `coord_comments`
--

CREATE TABLE IF NOT EXISTS `coord_comments` (
`pri_id` int(11) NOT NULL,
  `id` int(11) NOT NULL COMMENT 'app id (primary key of app. table)',
  `coor_id` int(11) NOT NULL,
  `comments` text NOT NULL,
  `last_update` timestamp NOT NULL DEFAULT CURRENT_TIMESTAMP ON UPDATE CURRENT_TIMESTAMP
) ENGINE=InnoDB AUTO_INCREMENT=3 DEFAULT CHARSET=utf8;

--
-- Dumping data for table `coord_comments`
--

INSERT INTO `coord_comments` (`pri_id`, `id`, `coor_id`, `comments`, `last_update`) VALUES
(1, 1, 0, 'approved monir', '2017-05-31 09:42:18'),
(2, 2, 0, 'approved monir 2', '2017-05-31 09:42:47');

-- --------------------------------------------------------

--
-- Table structure for table `district`
--

CREATE TABLE IF NOT EXISTS `district` (
`id` int(11) NOT NULL,
  `short_name` varchar(30) NOT NULL,
  `slug` varchar(100) NOT NULL,
  `create_by` int(11) NOT NULL,
  `create_at` timestamp NOT NULL DEFAULT CURRENT_TIMESTAMP ON UPDATE CURRENT_TIMESTAMP,
  `update_by` int(11) NOT NULL,
  `update_at` timestamp NOT NULL DEFAULT '0000-00-00 00:00:00',
  `default` int(1) NOT NULL
) ENGINE=InnoDB AUTO_INCREMENT=12 DEFAULT CHARSET=utf8;

--
-- Dumping data for table `district`
--

INSERT INTO `district` (`id`, `short_name`, `slug`, `create_by`, `create_at`, `update_by`, `update_at`, `default`) VALUES
(1, '001', 'কুমিল্লা', 0, '2017-05-25 08:27:42', 0, '0000-00-00 00:00:00', 0),
(2, '002', 'ফেনী', 0, '2017-05-25 08:28:38', 0, '0000-00-00 00:00:00', 0),
(3, '003', 'ব্রাহ্মণবাড়িয়া', 0, '2017-05-25 08:28:54', 0, '0000-00-00 00:00:00', 0),
(4, '004', 'রাঙ্গামাটি', 0, '2017-05-25 08:29:06', 0, '0000-00-00 00:00:00', 0),
(5, '005', 'নোয়াখালী', 0, '2017-05-25 08:29:34', 0, '0000-00-00 00:00:00', 0),
(6, '006', 'চাঁদপুর', 0, '2017-05-25 08:30:01', 0, '0000-00-00 00:00:00', 0),
(7, '007', 'লক্ষ্মীপুর', 0, '2017-05-25 08:30:30', 0, '0000-00-00 00:00:00', 0),
(8, '008', 'চট্টগ্রাম', 0, '2017-05-25 08:31:16', 0, '0000-00-00 00:00:00', 0),
(9, '009', 'কক্সবাজার', 0, '2017-05-25 08:31:37', 0, '0000-00-00 00:00:00', 0),
(10, '010', 'খাগড়াছড়ি', 0, '2017-05-25 08:32:04', 0, '0000-00-00 00:00:00', 0),
(11, '011', 'বান্দরবান', 0, '2017-05-25 08:32:18', 0, '0000-00-00 00:00:00', 0);

-- --------------------------------------------------------

--
-- Table structure for table `front_set`
--

CREATE TABLE IF NOT EXISTS `front_set` (
`id` int(11) NOT NULL,
  `logo` varchar(128) NOT NULL,
  `add` text NOT NULL,
  `mail1` varchar(512) NOT NULL,
  `mail2` varchar(512) NOT NULL,
  `phn1` varchar(50) NOT NULL,
  `phn2` varchar(50) NOT NULL,
  `eme_phn` varchar(50) NOT NULL,
  `appoint_phn` varchar(50) NOT NULL,
  `sun_thu` varchar(256) NOT NULL,
  `fri` varchar(256) NOT NULL,
  `sat` varchar(256) NOT NULL,
  `fb` varchar(256) NOT NULL,
  `twt` varchar(256) NOT NULL,
  `link` varchar(256) NOT NULL,
  `copyright` varchar(256) NOT NULL
) ENGINE=InnoDB AUTO_INCREMENT=2 DEFAULT CHARSET=utf8;

--
-- Dumping data for table `front_set`
--

INSERT INTO `front_set` (`id`, `logo`, `add`, `mail1`, `mail2`, `phn1`, `phn2`, `eme_phn`, `appoint_phn`, `sun_thu`, `fri`, `sat`, `fb`, `twt`, `link`, `copyright`) VALUES
(1, '8891a2789a101d6c42d32d4e034ec215.png', '1234 Street Name, City Name', 'first_mail@example.com', 'second_mail@example.com', '(800) 123-4567', '(800) 987-4321', '(800) 999-9999', ' +1 874 801 8014', ' 8:30 am to 5:00 pm', 'Closed', '9:30 am to 1:00 pm', 'https://www.facebook.com/', 'https://twitter.com/', 'https://www.linkedin.com/', '© Copyright 2017. All Rights Reserved.');

-- --------------------------------------------------------

--
-- Table structure for table `ref_comments`
--

CREATE TABLE IF NOT EXISTS `ref_comments` (
`pri_id` int(11) NOT NULL,
  `id` varchar(30) NOT NULL COMMENT 'app id (primary key of app. table)',
  `ref_id` int(11) NOT NULL COMMENT 'supervisor id',
  `comments` text NOT NULL,
  `last_update` timestamp NOT NULL DEFAULT CURRENT_TIMESTAMP ON UPDATE CURRENT_TIMESTAMP COMMENT 'last update time of comment'
) ENGINE=InnoDB AUTO_INCREMENT=5 DEFAULT CHARSET=utf8;

--
-- Dumping data for table `ref_comments`
--

INSERT INTO `ref_comments` (`pri_id`, `id`, `ref_id`, `comments`, `last_update`) VALUES
(1, '1', 2, 'comment from ashiq', '2017-05-31 09:38:42'),
(2, '1', 5, 'comment from allim uddin', '2017-05-31 09:40:25'),
(3, '2', 4, 'comment from goffur', '2017-05-31 09:39:27'),
(4, '2', 5, 'comment from allim uddin', '2017-05-31 09:40:55');

-- --------------------------------------------------------

--
-- Table structure for table `services`
--

CREATE TABLE IF NOT EXISTS `services` (
`id` int(11) NOT NULL,
  `ser_name` varchar(200) NOT NULL,
  `authority_id` int(11) NOT NULL COMMENT 'parent id (primary key of service_authority table)',
  `canvas` text NOT NULL,
  `definition` text NOT NULL,
  `status` int(1) NOT NULL,
  `create_by` int(11) NOT NULL,
  `create_date` timestamp NOT NULL DEFAULT CURRENT_TIMESTAMP ON UPDATE CURRENT_TIMESTAMP
) ENGINE=InnoDB AUTO_INCREMENT=27 DEFAULT CHARSET=utf8;

--
-- Dumping data for table `services`
--

INSERT INTO `services` (`id`, `ser_name`, `authority_id`, `canvas`, `definition`, `status`, `create_by`, `create_date`) VALUES
(4, 'বয়স্ক ভাতা', 6, 'পৃথিবীর অন্যান্য উন্নয়নশীল রাষ্ট্রের ন্যায় বাংলাদেশ সরকারও সামাজিক নিরাপত্তা বেষ্টনী সুদৃঢ়করণের লক্ষ্যে দেশের দুঃস্থ, অবহেলিত, সুবিধাবঞ্চিত এবং অনগ্রসর মানুষের কল্যাণ ও উন্নয়নের ক্ষেত্রে সমাজকল্যাণ মন্ত্রণালয়ের মাধ্যমে ব্যাপক ও বহুমুখী কর্মসূচি বাস্তবায়ন করছে। সামাজিক নিরাপত্তা বিধানে সরকার তার সাংবিধানিক দায়িত্বের অংশ হিসেবে সমাজকল্যাণ মন্ত্রণালয়ের অধীন সমাজসেবা অধিদফতরের মাধ্যমে বয়স্কভাতা কর্মসূচি বাস্তবায়ন করছে।', 'বয়স্কে ব্যক্তি : বয়স্কভাতা কর্মসূচির আওতায় বয়স্ক ব্যক্তি বলতে পুরুষের ক্ষেত্রে ৬৫ বছর বা তদুর্ধ বয়সের এবং মহিলাদের ক্ষেত্রে ৬২ বা তদুর্ধ বয়সের কিংবা সরকার কর্তৃক সময় সময় নির্ধারিত বয়সের ব্যক্তিকে বুঝাবে।', 1, 0, '2017-05-29 07:01:04'),
(5, 'বিধবা ভাতা', 6, 'canvas', 'definition', 1, 0, '2017-05-22 13:27:18'),
(7, 'প্রতিবন্ধী  ভাতা', 6, 'canvas', 'definition', 1, 0, '2017-05-22 13:28:27'),
(9, 'ভিজি এফ', 6, 'sasdfasdfas', 'asdfasdf', 1, 0, '2017-05-22 13:29:59'),
(10, 'ভিজিডি', 6, 'asdf', 'asdf', 1, 0, '2017-05-22 13:30:27'),
(11, 'মাতৃত্বকালিন ভাতা', 6, 'asfd', 'asdf', 1, 0, '2017-05-22 13:30:58'),
(12, 'বিআরডিবি', 6, 'asdfasd', 'asdf', 1, 0, '2017-05-22 13:31:55'),
(13, 'Blanket supply', 7, 'this is canvas', 'defi', 1, 0, '2017-05-29 07:28:00'),
(14, 'Food Supply', 7, 'canvas', 'deffiniton', 1, 0, '2017-05-29 07:30:09'),
(15, 'jakat', 8, 'canvase', 'defi', 1, 0, '2017-05-29 07:31:41'),
(16, 'jakat2', 8, 'vanvas', 'defi', 1, 0, '2017-05-29 07:32:38'),
(17, 'cloth supply', 9, 'canvas', 'defi', 1, 0, '2017-05-29 07:33:34'),
(18, 'longi supply', 9, 'can', 'defi', 1, 0, '2017-05-29 07:34:24'),
(19, 'medicine supply', 10, 'can', 'defi', 1, 0, '2017-05-29 07:34:58'),
(20, 'Vacine Supply', 10, 'can', 'defi', 1, 0, '2017-05-29 07:36:24'),
(21, 'Onudan', 11, 'canvas', 'defi', 1, 0, '2017-05-29 07:38:04'),
(22, 'Onudan2', 11, 'canvas', 'defin', 1, 0, '2017-05-29 07:39:27'),
(23, 'Pure Water Supply', 12, 'can', 'defi', 1, 0, '2017-05-29 07:40:53'),
(24, 'Juice Supply', 12, 'can', 'defi', 1, 0, '2017-05-29 07:41:57'),
(25, 'Rice Supply', 13, 'cann', 'defi', 1, 0, '2017-05-29 07:44:19'),
(26, 'Vegitable Supply', 13, 'can', 'defi', 1, 0, '2017-05-29 07:45:10');

-- --------------------------------------------------------

--
-- Table structure for table `services_disqualifi`
--

CREATE TABLE IF NOT EXISTS `services_disqualifi` (
  `id` int(11) NOT NULL COMMENT 'primary id of services table',
  `disqualifi` text NOT NULL
) ENGINE=InnoDB DEFAULT CHARSET=utf8;

--
-- Dumping data for table `services_disqualifi`
--

INSERT INTO `services_disqualifi` (`id`, `disqualifi`) VALUES
(3, 'asdfa'),
(4, 'সরকারি কর্মচারী পেনশনভোগী হলে।'),
(4, 'দুঃস্থ মহিলা হিসেবে ভিজিডি কার্ডধারী হলে।\r\n'),
(4, ' অন্য কোনোভাবে নিয়মিত সরকারী অনুদান/ভাতা প্রাপ্ত হলে।'),
(4, ' কোনো বেসরকারি সংস্থা/সমাজকল্যাণমূলক প্রতিষ্ঠান হতে নিয়মিতভাবে আর্থিক অনুদান/ভাতা প্রাপ্ত হলে।'),
(5, 'asdf'),
(6, 'asdf'),
(7, 'asdf'),
(8, 'asdf'),
(9, 'dfasd'),
(10, 'asdf'),
(11, 'asdf'),
(12, 'asdfasd'),
(13, 'd1'),
(13, 'd2'),
(13, 'd3'),
(14, 'd1'),
(14, 'd2'),
(14, 'd3'),
(14, 'd4'),
(15, 'd1'),
(15, 'd2'),
(16, 'd1'),
(16, 'd2'),
(17, 'd1'),
(18, 'd1'),
(19, 'd1'),
(20, 'd1'),
(20, 'd2'),
(21, 'd1'),
(21, 'd2'),
(22, 'd1'),
(23, 'd1'),
(24, 'd1'),
(24, 'd2'),
(24, 'd3'),
(25, 'd1'),
(25, 'd2'),
(26, 'd1'),
(26, 'd2');

-- --------------------------------------------------------

--
-- Table structure for table `services_goal`
--

CREATE TABLE IF NOT EXISTS `services_goal` (
  `id` int(11) NOT NULL COMMENT 'primary id of services table',
  `goal` text NOT NULL
) ENGINE=InnoDB DEFAULT CHARSET=utf8;

--
-- Dumping data for table `services_goal`
--

INSERT INTO `services_goal` (`id`, `goal`) VALUES
(3, 'asdfsd'),
(4, 'বয়স্ক জনগোষ্ঠীর আর্থ-সামাজিক উন্নয়ন ও সামাজিক নিরাপত্তা বিধান;'),
(4, 'পরিবার ও সমাজে তাঁদের মর্যাদা বৃদ্ধি;'),
(5, 'aasdf'),
(6, 'asdf'),
(7, 'asdf'),
(8, 'asdf'),
(9, 'asdf'),
(10, 'asdf'),
(11, 'asdf'),
(12, 'asdf'),
(13, 'g1'),
(13, 'g2'),
(13, 'g3'),
(14, 'g1'),
(14, 'g2'),
(14, 'g3'),
(14, 'g4'),
(15, 'g1'),
(15, 'g2'),
(16, 'g1'),
(16, 'g2'),
(17, 'g1'),
(18, 'g1'),
(19, 'g1'),
(20, 'g1'),
(20, 'g2'),
(21, 'g1'),
(21, 'g2'),
(22, 'g1'),
(23, 'g1'),
(24, 'g1'),
(24, 'g2'),
(24, 'g3'),
(25, 'g1'),
(25, 'g2'),
(26, 'g1'),
(26, 'g2');

-- --------------------------------------------------------

--
-- Table structure for table `services_purpose`
--

CREATE TABLE IF NOT EXISTS `services_purpose` (
  `id` int(11) NOT NULL COMMENT 'primary id of services table',
  `purpose` text NOT NULL
) ENGINE=InnoDB DEFAULT CHARSET=utf8;

--
-- Dumping data for table `services_purpose`
--

INSERT INTO `services_purpose` (`id`, `purpose`) VALUES
(3, 'fasdfa'),
(4, 'আর্থিক অনুদানের মাধ্যমে তাঁদের মনোবল জোরদারকরণ;'),
(4, 'চিকিৎসা ও পুষ্টি সরবরাহ বৃদ্ধিতে সহায়তা করা।'),
(5, 'asdf'),
(6, 'asdf'),
(7, 'asdf'),
(8, 'asdf'),
(9, 'asdfa'),
(10, 'asdf'),
(11, 'asdf'),
(12, 'asdf'),
(13, 'p1'),
(13, 'p2'),
(13, 'p3'),
(14, 'p1'),
(14, 'p2'),
(14, 'p3'),
(14, 'p4'),
(15, 'p1'),
(15, 'p2'),
(16, 'p1'),
(16, 'p2'),
(17, 'p1'),
(18, 'p1'),
(19, 'p1'),
(20, 'p1'),
(20, 'p2'),
(21, 'p1'),
(21, 'p2'),
(22, 'p1'),
(23, 'p1'),
(24, 'p1'),
(24, 'p2'),
(24, 'p3'),
(25, 'p1'),
(25, 'p2'),
(26, 'p1'),
(26, 'p2');

-- --------------------------------------------------------

--
-- Table structure for table `services_qualifi`
--

CREATE TABLE IF NOT EXISTS `services_qualifi` (
  `id` int(11) NOT NULL COMMENT 'primary id of services table',
  `qualifi` text NOT NULL
) ENGINE=InnoDB DEFAULT CHARSET=utf8;

--
-- Dumping data for table `services_qualifi`
--

INSERT INTO `services_qualifi` (`id`, `qualifi`) VALUES
(3, 'asdf'),
(4, ' সংশ্লিষ্ট এলাকার স্থায়ী বাসিন্দা হতে হবে;'),
(4, 'জন্ম নিবন্ধন/জাতীয় পরিচিতি নম্বর থাকতে হবে;'),
(4, 'বয়স পুরুষের ক্ষেত্রে সর্বনিম্ন ৬৫ বছর এবং মহিলাদের ক্ষেত্রে সর্বনিম্ন ৬২ বছর হতে হবে। সরকার কর্তৃক সময় সময় নির্ধারিত বয়স বিবেচনায় নিতে হবে;'),
(4, 'প্রার্থীর বার্ষিক গড় আয় অনূর্ধ ১০,০০০ (দশ হাজার) টাকা হতে হবে'),
(4, 'বাছাই কমিটি কর্তৃক নির্বাচিত হতে হবে।'),
(4, 'জন্ম নিবন্ধন/জাতীয় পরিচিতি নম্বর থাকতে হবে; বিঃ দ্রঃ বয়স নির্ধারণের ক্ষেত্রে জাতীয় পরিচয়পত্র, জন্ম নিবন্ধন সনদ, এসএসসি/সমমান পরীক্ষার সনদপত্র বিবেচনা করতে হবে। এ ক্ষেত্রে কোন বিতর্ক দেখা দিলে সংশ্লিষ্ট কমিটির সিদ্ধান্ত চূড়ান্ত বলে বিবেচিত হবে।'),
(5, 'asdf'),
(6, 'asdfa'),
(7, 'asdf'),
(8, 'asdf'),
(9, 'sdfas'),
(10, 'asdf'),
(11, 'asdf'),
(12, 'asdf'),
(13, 'q1'),
(13, 'q1'),
(13, 'q3'),
(14, 'q1'),
(14, 'q2'),
(14, 'q3'),
(14, 'q4'),
(15, 'q1'),
(15, 'q2'),
(16, 'q1'),
(16, 'q2'),
(17, 'q1'),
(18, 'q1'),
(19, 'q1'),
(20, 'q1'),
(20, 'q2'),
(21, 'q1'),
(21, 'q2'),
(22, 'q1'),
(23, 'q1'),
(24, 'q1'),
(24, 'q2'),
(24, 'q3'),
(25, 'q1'),
(25, 'q2'),
(26, 'q1'),
(26, 'q2');

-- --------------------------------------------------------

--
-- Table structure for table `services_selection`
--

CREATE TABLE IF NOT EXISTS `services_selection` (
  `id` int(11) NOT NULL COMMENT 'primary id of services table',
  `selection` text NOT NULL
) ENGINE=InnoDB DEFAULT CHARSET=utf8;

--
-- Dumping data for table `services_selection`
--

INSERT INTO `services_selection` (`id`, `selection`) VALUES
(3, 'asdfasd'),
(4, ' নাগরিকত্ব: প্রার্থীকে অবশ্যই বাংলাদেশের স্থায়ী নাগরিক হতে হবে।'),
(4, ' বয়স: সর্বোচ্চ বয়স্ক ব্যক্তিকে অগ্রাধিকার প্রদান করতে হবে।'),
(4, 'স্বাস্থ্যগত অবস্থা: যিনি শারীরিকভাবে অক্ষম অর্থাৎ সম্পূর্ণরূপে কর্মক্ষমতাহীন তাঁকে সর্বোচ্চ অগ্রাধিকার দিতে হবে।'),
(4, 'আর্থিক অবস্থার ক্ষেত্রে: নিঃস্ব, উদ্বাস্ত্ত ও ভূমিহীনকে ক্রমানুসারে অগ্রাধিকার দিতে হবে।'),
(4, ' সামাজিক অবস্থার ক্ষেত্রে: বিধবা, তালাকপ্রাপ্তা, বিপত্নীক, নিঃসন্তান, পরিবার থেকে বিচ্ছিন্ন ব্যক্তিদেরকে ক্রমানুসারে অগ্রাধিকার দিতে হবে।'),
(4, 'ভূমির মালিকানা: ভূমিহীন ব্যক্তিকে অগ্রাধিকার দিতে হবে। এক্ষেত্রে বসতবাড়ী ব্যতীত কোনো ব্যক্তির জমির পরিমাণ ০.৫ একর বা তার কম হলে তিনি ভূমিহীন বলে গণ্য হবেন।'),
(5, 'asdfasdf'),
(6, 'asdf'),
(7, 'asdf'),
(8, 'asdf'),
(9, 'fasdf'),
(10, 'fasdfasd'),
(11, 'asdf'),
(12, 'asdfasd'),
(13, 's1'),
(13, 's2'),
(13, 's3'),
(14, 's1'),
(14, 's2'),
(14, 's3'),
(14, 's4'),
(15, 's1'),
(15, 's2'),
(16, 's1'),
(16, 's2'),
(17, 's1'),
(18, 's1'),
(19, 's1'),
(20, 's1'),
(20, 's2'),
(21, 's1'),
(21, 's2'),
(22, 's1'),
(23, 's1'),
(24, 's1'),
(24, 's2'),
(24, 's3'),
(25, 's1'),
(25, 's2'),
(26, 's1'),
(26, 's2');

-- --------------------------------------------------------

--
-- Table structure for table `service_authority`
--

CREATE TABLE IF NOT EXISTS `service_authority` (
`id` int(11) NOT NULL,
  `ser_auth_name` varchar(200) NOT NULL,
  `logo` varchar(255) NOT NULL,
  `category` varchar(100) NOT NULL COMMENT '1 = gov, 2 = non-gov, 3 = social,  4 = personal',
  `about` text NOT NULL,
  `image` varchar(255) NOT NULL,
  `address` text NOT NULL,
  `status` int(1) NOT NULL,
  `create_by` int(11) NOT NULL,
  `create_date` timestamp NOT NULL DEFAULT CURRENT_TIMESTAMP ON UPDATE CURRENT_TIMESTAMP
) ENGINE=InnoDB AUTO_INCREMENT=14 DEFAULT CHARSET=utf8;

--
-- Dumping data for table `service_authority`
--

INSERT INTO `service_authority` (`id`, `ser_auth_name`, `logo`, `category`, `about`, `image`, `address`, `status`, `create_by`, `create_date`) VALUES
(6, 'সমাজকল্যাণ মন্ত্রণালয়', '21d4efa3123a291fcdfe23c675771d8b.png', '1', 'সমাজকল্যাণ মন্ত্রণালয় বাংলাদেশের পিছিয়েপরা এবং অনগ্রসর জনগোষ্ঠীর মানব সম্পদ উন্নয়ন, দারিদ্র্য বিমোচন, কল্যাণ, উন্নয়ন ও ক্ষমতায়ণ সাথে সংশ্লিষ্ট একটি অন্যতম গুরুত্বপূর্ণ মন্ত্রণালয়। একটি কল্যাণ রাষ্ট্র হিসেবে বাংলাদেশ পরিচয় করিয়ে দিতে সমাজকল্যাণ মন্ত্রণালয় বয়স্কভাতা, বিধবা ভাতা, প্রতিবন্ধী ভাতা, এসিডদগ্ধ ও প্রতিবন্ধী ব্যক্তিদের সহায়তা কার্যক্রম বাস্তবায়ন করছে।সমাজকল্যাণ মন্ত্রণালয় একইসাথে দেশব্যাপী গ্রামীণ এবং শহুরে উভয় এলাকায় সমাজের পিছিয়েপরা, অনগ্রসর অংশ, বেকার, ভূমিহীন, অনাথ, দুঃস্থ, ভবঘুরে, নিরাশ্রয়, সামাজিক, বুদ্ধিমত্তা এবং শারীরিক প্রতিবন্ধী ব্যক্তি, দরিদ্র, অসহায় রোগী, ঝুঁকিপূর্ণ শিশুদের কল্যাণ ও উন্নয়নে বহুমাত্রিক এবং নিবিড় কার্যক্রমও বাস্তবায়ন করছে।\r\n \r\nবাংলাদেশের সংবিধানের ১৫(ঘ) অনুচ্ছেদ অনুযায়ী, সমাজকল্যাণ মন্ত্রণালয় ও মন্ত্রণালয়ের সাথে সংযুক্ত দপ্তর ও সংস্থাসমূহের মাধ্যমে এ সকল কার্যক্রম বাস্তবায়ন করছে। কার্যক্রমসমূহ টেকসই উন্নয়ন লক্ষ্যমাত্রা (এসডিজি), ভিশন ২০২১ ও সপ্তম পঞ্চবার্ষিক পরিকল্পনায় বর্ণিত লক্ষমাত্রাসমূহ অর্জণের লক্ষ্যে গ্রহণ করা হয়েছে।\r\n \r\nকার্যক্রম বাস্তবায়নে অধিকতর গতিশীলতা ও স্বচ্ছতা আনয়নের লক্ষ্যে মন্ত্রণালয় দাতব্য পদ্ধতির পরিবর্তে গ্রহণ করেছে উন্নয়ন পদ্ধতি।পরিবার কেন্দ্রীক কর্মসূচি ও সঠিক কর্মপরিকল্পনা বাংলাদেশের মানুষের কাছে এ মন্ত্রণালয়কে করেছে জনপ্রিয়।', 'bc68b15476cadd2ed3a21172a4623cef.jpg', 'সমাজকল্যাণ মন্ত্রণালয়\r\nগণপ্রজাতন্ত্রী বাংলাদেশ সরকার\r\nভবন-৬, ৪র্থ তলা\r\nবাংলাদেশ সচিবালয়, ঢাকা\r\nঢাকা-১০০০\r\nবাংলাদেশ\r\nফোন: +৮৮০২ ৯৫৪০৪৫২\r\nফ্যাক্স: +৮৮০২ ৯৫৭৬৬৮০; +৮৮০২ ৯৫৭৬৬৮৫\r\nই-মেইল: sasadmin1@msw.gov.bd \r\nওয়েব: http://www.msw.gov.bd/', 1, 0, '2017-05-17 13:59:01'),
(7, 'Rohim Trust', '770455a7d098b2f74ff6d28e0e24cb6f.png', '4', 'This is personal authority', '8900539b578fbb0e092c354d318e881a.jpg', '123, Hatijihl, Dhaka-1250, Bangladesh\r\nphone: 012334567, \r\nemail: rohim@abc.com', 1, 0, '2017-05-29 06:45:07'),
(8, 'Abul Foundation', '5426648e056f47c4a18d0439c66051f4.png', '4', 'this is personal foundation', '86c356e806328d74aead4ca4727678c7.jpg', '123, dhanmondi, dhaka', 1, 0, '2017-05-29 06:48:21'),
(9, 'Roshni Homer', '7bc80e694ead292e6d501d2dbae8921d.jpg', '3', 'this is social authority', 'a8ee4184ea67cc86c661d25fe8c56bda.jpg', '123456, mohammmod pur, dhaka', 1, 0, '2017-05-29 06:51:54'),
(10, 'Fazlani foundation', '3aa1c3d8dac853355e2b66df7a2308a4.jpg', '3', 'this is social authority', '62dc8c39cf5484380852e8e74c42a913.jpg', '1234, bonani, bangladesh', 1, 0, '2017-05-29 06:54:21'),
(11, 'শিল্প মন্ত্রণালয়', '35fbedfe792fc1a2278cd07adb6d5117.png', '1', 'this is gov authority', '3425a051b17d5c263eb0df357cc581d7.jpg', '123, dhaka', 1, 0, '2017-05-29 06:56:48'),
(12, 'Boshundhora Gruop', 'c1fad23fd69de93e8f17eb6f2f8cb19c.jpg', '2', 'this non gov authority', '6a0e9b4b07f9b1bfe225b2fcc57da6a3.jpg', '1234, karwan bazzar, dhaka', 1, 0, '2017-05-29 06:59:38'),
(13, 'Jamuna Group', '6039aeac5a800031f61e188eb12cdddd.png', '2', 'this is non gov authority', '6039aeac5a800031f61e188eb12cdddd.png', '123, malibug, dhaka123', 1, 0, '2017-05-29 07:00:30');

-- --------------------------------------------------------

--
-- Table structure for table `service_provide_list`
--

CREATE TABLE IF NOT EXISTS `service_provide_list` (
`id` int(11) NOT NULL,
  `category` varchar(100) NOT NULL,
  `authority_id` int(11) NOT NULL,
  `ser_id` int(11) NOT NULL,
  `provider_name` varchar(256) NOT NULL,
  `date` varchar(30) NOT NULL,
  `note` text NOT NULL,
  `app_id` int(11) NOT NULL,
  `create_by` int(11) NOT NULL,
  `create_date` timestamp NOT NULL DEFAULT CURRENT_TIMESTAMP ON UPDATE CURRENT_TIMESTAMP
) ENGINE=InnoDB AUTO_INCREMENT=6 DEFAULT CHARSET=utf8;

--
-- Dumping data for table `service_provide_list`
--

INSERT INTO `service_provide_list` (`id`, `category`, `authority_id`, `ser_id`, `provider_name`, `date`, `note`, `app_id`, `create_by`, `create_date`) VALUES
(1, '2', 12, 23, 'Billal hossain', '26-05-2017', 'test note ', 1, 0, '2017-05-31 10:16:06'),
(2, '1', 6, 7, 'test provider  name 2', '01-06-2017', 'abcd', 1, 0, '2017-05-31 10:16:10'),
(3, '2', 12, 23, 'test provider  name 2', '03-06-2017', 'note here', 2, 0, '2017-05-31 10:16:13'),
(4, '2', 12, 24, 'test provider  name ', '10-05-2017', 'abcd note here', 1, 0, '2017-05-31 10:16:21'),
(5, '2', 13, 26, 'Manik vai', '02-06-2017', 'cash 200 tk', 1, 0, '2017-05-31 10:21:21');

-- --------------------------------------------------------

--
-- Table structure for table `sub_district`
--

CREATE TABLE IF NOT EXISTS `sub_district` (
`id` int(11) NOT NULL,
  `parent_id` varchar(30) NOT NULL,
  `short_name` varchar(50) NOT NULL,
  `slug` varchar(100) NOT NULL,
  `create_by` int(11) NOT NULL,
  `create_at` timestamp NOT NULL DEFAULT CURRENT_TIMESTAMP ON UPDATE CURRENT_TIMESTAMP,
  `update_by` int(11) NOT NULL,
  `update_at` timestamp NOT NULL DEFAULT '0000-00-00 00:00:00',
  `default` int(1) NOT NULL
) ENGINE=InnoDB AUTO_INCREMENT=9 DEFAULT CHARSET=utf8;

--
-- Dumping data for table `sub_district`
--

INSERT INTO `sub_district` (`id`, `parent_id`, `short_name`, `slug`, `create_by`, `create_at`, `update_by`, `update_at`, `default`) VALUES
(1, '006', '001', 'হাইমচর', 0, '2017-05-25 08:38:11', 0, '0000-00-00 00:00:00', 0),
(2, '006', '002', 'কচুয়া', 0, '2017-05-25 08:38:24', 0, '0000-00-00 00:00:00', 0),
(3, '006', '003', 'শাহরাস্তি', 0, '2017-05-25 08:38:36', 0, '0000-00-00 00:00:00', 0),
(4, '006', '004', 'চাঁদপুর সদর', 0, '2017-05-25 08:38:50', 0, '0000-00-00 00:00:00', 0),
(5, '006', '005', 'মতলব দক্ষিণ', 0, '2017-05-25 08:39:08', 0, '0000-00-00 00:00:00', 0),
(6, '006', '006', 'হাজীগঞ্জ', 0, '2017-05-25 08:39:31', 0, '0000-00-00 00:00:00', 0),
(7, '006', '007', 'মতলব উত্তর', 0, '2017-05-25 08:39:51', 0, '0000-00-00 00:00:00', 0),
(8, '006', '008', 'ফরিদগঞ্জ', 0, '2017-05-25 08:40:08', 0, '0000-00-00 00:00:00', 0);

-- --------------------------------------------------------

--
-- Table structure for table `union`
--

CREATE TABLE IF NOT EXISTS `union` (
`id` int(11) NOT NULL,
  `parent_id` varchar(30) NOT NULL,
  `short_name` varchar(50) NOT NULL,
  `slug` varchar(100) NOT NULL,
  `create_by` int(11) NOT NULL,
  `create_at` timestamp NOT NULL DEFAULT CURRENT_TIMESTAMP ON UPDATE CURRENT_TIMESTAMP,
  `update_by` int(11) NOT NULL,
  `update_at` timestamp NOT NULL DEFAULT '0000-00-00 00:00:00',
  `default` int(1) NOT NULL
) ENGINE=InnoDB AUTO_INCREMENT=56 DEFAULT CHARSET=utf8;

--
-- Dumping data for table `union`
--

INSERT INTO `union` (`id`, `parent_id`, `short_name`, `slug`, `create_by`, `create_at`, `update_by`, `update_at`, `default`) VALUES
(14, '001', '001', 'গাজীপুর', 0, '2017-05-25 08:43:01', 0, '0000-00-00 00:00:00', 0),
(15, '001', '002', 'আলগী দুর্গাপুর', 0, '2017-05-25 08:54:54', 0, '0000-00-00 00:00:00', 0),
(16, '001', '003', 'আলগী দুর্গাপুরদক্ষিণ', 0, '2017-05-25 08:43:26', 0, '0000-00-00 00:00:00', 0),
(17, '001', '004', 'নীলকমল', 0, '2017-05-25 08:43:35', 0, '0000-00-00 00:00:00', 0),
(18, '001', '005', 'হাইমচর', 0, '2017-05-25 08:43:58', 0, '0000-00-00 00:00:00', 0),
(19, '001', '006', 'চরভৈরবী', 0, '2017-05-25 08:44:12', 0, '0000-00-00 00:00:00', 0),
(20, '002', '007', 'পাথৈর', 0, '2017-05-25 08:46:23', 0, '0000-00-00 00:00:00', 0),
(21, '002', '008', 'বিতারা', 0, '2017-05-25 08:46:36', 0, '0000-00-00 00:00:00', 0),
(22, '002', '009', 'সহদেবপুর পূর্ব', 0, '2017-05-25 08:46:52', 0, '0000-00-00 00:00:00', 0),
(23, '002', '010', 'সহদেবপুর পশ্চিম', 0, '2017-05-25 08:47:11', 0, '0000-00-00 00:00:00', 0),
(24, '002', '011', 'কচুয়া উত্তর', 0, '2017-05-25 08:47:25', 0, '0000-00-00 00:00:00', 0),
(25, '002', '012', 'কচুয়া দক্ষিণ', 0, '2017-05-25 08:47:53', 0, '0000-00-00 00:00:00', 0),
(26, '002', '013', 'গোহাট উত্তর', 0, '2017-05-25 08:48:23', 0, '0000-00-00 00:00:00', 0),
(27, '002', '014', 'কাদলা', 0, '2017-05-25 08:48:40', 0, '0000-00-00 00:00:00', 0),
(28, '002', '015', 'আসরাফপুর', 0, '2017-05-25 08:49:03', 0, '0000-00-00 00:00:00', 0),
(29, '002', '016', 'গোহাট দক্ষিণ', 0, '2017-05-25 08:49:23', 0, '0000-00-00 00:00:00', 0),
(30, '002', '017', 'সাচার', 0, '2017-05-25 08:49:37', 0, '0000-00-00 00:00:00', 0),
(31, '002', '018', 'কড়ইয়া', 0, '2017-05-25 08:49:50', 0, '0000-00-00 00:00:00', 0),
(32, '003', '019', 'টামটা দক্ষিণ', 0, '2017-05-25 08:51:52', 0, '0000-00-00 00:00:00', 0),
(33, '003', '020', 'টামটা উত্তর', 0, '2017-05-25 08:52:11', 0, '0000-00-00 00:00:00', 0),
(34, '003', '021', 'মেহের উত্তর ইউনিয়ন', 0, '2017-05-25 08:52:25', 0, '0000-00-00 00:00:00', 0),
(35, '003', '022', 'মেহের দক্ষিণ ইউনিয়ন', 0, '2017-05-25 08:52:50', 0, '0000-00-00 00:00:00', 0),
(36, '003', '023', 'সুচিপাড়া উত্তর ইউনিয়ন', 0, '2017-05-25 08:53:13', 0, '0000-00-00 00:00:00', 0),
(37, '003', '024', 'সুচিপাড়া দক্ষিণ ইউনিয়ন', 0, '2017-05-25 08:53:25', 0, '0000-00-00 00:00:00', 0),
(38, '003', '025', 'চিতোষী পূর্ব ইউনিয়ন', 0, '2017-05-25 08:53:38', 0, '0000-00-00 00:00:00', 0),
(39, '003', '026', 'রায়শ্রী দক্ষিন ইউনিয়ন', 0, '2017-05-25 08:53:49', 0, '0000-00-00 00:00:00', 0),
(40, '003', '027', 'রায়শ্রী উত্তর ইউনিয়ন', 0, '2017-05-25 08:54:05', 0, '0000-00-00 00:00:00', 0),
(41, '003', '028', 'চিতোষী পশ্চিম ইউনিয়ন', 0, '2017-05-25 08:54:26', 0, '0000-00-00 00:00:00', 0),
(42, '004', '029', 'বিষ্ণপুর', 0, '2017-05-25 09:42:00', 0, '0000-00-00 00:00:00', 0),
(43, '004', '030', 'আশিকাটি', 0, '2017-05-25 09:42:15', 0, '0000-00-00 00:00:00', 0),
(44, '004', '031', 'শাহ্ মাহমুদপুর', 0, '2017-05-25 09:42:40', 0, '0000-00-00 00:00:00', 0),
(45, '004', '032', 'কল্যাণপুর', 0, '2017-05-25 09:42:52', 0, '0000-00-00 00:00:00', 0),
(46, '004', '033', 'রামপুর', 0, '2017-05-25 09:43:03', 0, '0000-00-00 00:00:00', 0),
(47, '004', '034', 'মৈশাদী', 0, '2017-05-25 09:43:27', 0, '0000-00-00 00:00:00', 0),
(48, '004', '035', 'তরপুচন্ডী', 0, '2017-05-25 09:43:46', 0, '0000-00-00 00:00:00', 0),
(49, '004', '036', 'বাগাদী', 0, '2017-05-25 09:43:55', 0, '0000-00-00 00:00:00', 0),
(50, '004', '037', 'লক্ষীপুর মডেল', 0, '2017-05-25 09:44:06', 0, '0000-00-00 00:00:00', 0),
(51, '004', '038', 'হানারচর', 0, '2017-05-25 09:44:19', 0, '0000-00-00 00:00:00', 0),
(52, '004', '039', 'চান্দ্রা', 0, '2017-05-25 09:44:38', 0, '0000-00-00 00:00:00', 0),
(53, '004', '040', 'রাজরাজেশ্বর', 0, '2017-05-25 09:44:49', 0, '0000-00-00 00:00:00', 0),
(54, '004', '041', 'ইব্রাহীমপুর', 0, '2017-05-25 09:45:09', 0, '0000-00-00 00:00:00', 0),
(55, '004', '042', 'বালিয়া', 0, '2017-05-25 09:45:19', 0, '0000-00-00 00:00:00', 0);

-- --------------------------------------------------------

--
-- Table structure for table `user`
--

CREATE TABLE IF NOT EXISTS `user` (
`id` int(11) NOT NULL,
  `first_name` varchar(100) NOT NULL,
  `last_name` varchar(100) NOT NULL,
  `phone` varchar(30) NOT NULL,
  `password` varchar(70) NOT NULL COMMENT '60 digit',
  `address` text NOT NULL,
  `image` varchar(255) NOT NULL,
  `about` text NOT NULL,
  `role` int(1) NOT NULL COMMENT '0 = oper, 1 = supervi, 3 = Coordinat',
  `status` int(1) NOT NULL,
  `union` varchar(30) NOT NULL,
  `word` varchar(30) DEFAULT NULL,
  `token` varchar(100) NOT NULL,
  `create_date` timestamp NOT NULL DEFAULT CURRENT_TIMESTAMP ON UPDATE CURRENT_TIMESTAMP,
  `online_timestamp` varchar(30) NOT NULL
) ENGINE=InnoDB AUTO_INCREMENT=6 DEFAULT CHARSET=utf8;

--
-- Dumping data for table `user`
--

INSERT INTO `user` (`id`, `first_name`, `last_name`, `phone`, `password`, `address`, `image`, `about`, `role`, `status`, `union`, `word`, `token`, `create_date`, `online_timestamp`) VALUES
(1, 'Rana', 'Ahmed', '123456789', '693cfed9dd8adf7c63afbf53cf3a8043', 'test', '2badbc25bfb4d049d8a9f8cb1bdc4e0a.jpg', 'Health Worker', 0, 1, '', 'selected', 'abb1cee28e293f3c88f5342514b1eae0', '2017-05-31 10:23:05', '1496226185'),
(2, 'Ashiq', 'Khan', '12345678', '8843028fefce50a6de50acdf064ded27', '103, Kolabaddan, Dhaka', '39f1b516f1b497a6df09f4e98d370909.jpg', 'Member', 1, 1, '', 'selected', '2708cdc8c2660384174b56601072cb8b', '2017-05-31 09:37:58', '1496223478'),
(3, 'Monir', 'Ahmed', '12345678910', '61e0281e49f5a54bd73120f33d105e75', '105, Mirpur-1, Dhaka-1216', 'ea38d530be9ae07162d6f1b315626cd9.jpg', 'Upojela Chairman', 2, 1, '', 'selected', 'f930878a7d3bbda147022a1b727a9db3', '2017-05-31 09:41:25', '1496223685'),
(4, 'Goffur', 'Mia', '1122334455667788', '15f311fbd17d284b1a9bc06d892bc1b9', '103, new town, dhaka', 'fbae82dfa92c349f0f65fdcb5d2aa63f.jpg', 'Head Master', 1, 1, '', 'selected', 'f2b8c5c1ce58fc92fe483e21f6b18306', '2017-05-31 09:39:02', '1496223542'),
(5, 'Alummuddin', 'Khan', '112233445566778899', 'f8519d6c8bf08a904c83d31978c6b6ef', '102, abcd, Dhaka', 'deb63987075e74b2867b1b583569c762.jpg', 'Member', 1, 1, '', 'selected', '34f252f827449f5920d93d72747e8caf', '2017-05-31 09:40:33', '1496223582');

-- --------------------------------------------------------

--
-- Table structure for table `village`
--

CREATE TABLE IF NOT EXISTS `village` (
`id` int(11) NOT NULL,
  `parent_word_id` varchar(30) NOT NULL,
  `parent_union_id` varchar(30) NOT NULL,
  `short_name` varchar(50) NOT NULL,
  `slug` varchar(100) NOT NULL,
  `create_by` int(11) NOT NULL,
  `create_at` timestamp NOT NULL DEFAULT CURRENT_TIMESTAMP ON UPDATE CURRENT_TIMESTAMP,
  `update_by` int(11) NOT NULL,
  `update_at` timestamp NOT NULL DEFAULT '0000-00-00 00:00:00'
) ENGINE=InnoDB DEFAULT CHARSET=utf8;

-- --------------------------------------------------------

--
-- Table structure for table `word`
--

CREATE TABLE IF NOT EXISTS `word` (
`id` int(11) NOT NULL,
  `parent_id` varchar(30) NOT NULL,
  `name` varchar(20) NOT NULL,
  `create_by` int(11) NOT NULL,
  `create_at` timestamp NOT NULL DEFAULT CURRENT_TIMESTAMP ON UPDATE CURRENT_TIMESTAMP,
  `update_by` int(11) NOT NULL,
  `update_at` timestamp NOT NULL DEFAULT '0000-00-00 00:00:00'
) ENGINE=InnoDB AUTO_INCREMENT=38 DEFAULT CHARSET=utf8;

--
-- Dumping data for table `word`
--

INSERT INTO `word` (`id`, `parent_id`, `name`, `create_by`, `create_at`, `update_by`, `update_at`) VALUES
(20, '001', '1', 0, '2017-05-25 09:46:56', 0, '0000-00-00 00:00:00'),
(21, '001', '2', 0, '2017-05-25 09:47:01', 0, '0000-00-00 00:00:00'),
(22, '001', '3', 0, '2017-05-25 09:47:04', 0, '0000-00-00 00:00:00'),
(23, '001', '4', 0, '2017-05-25 09:47:07', 0, '0000-00-00 00:00:00'),
(24, '001', '5', 0, '2017-05-25 09:47:10', 0, '0000-00-00 00:00:00'),
(25, '001', '6', 0, '2017-05-25 09:47:13', 0, '0000-00-00 00:00:00'),
(26, '001', '7', 0, '2017-05-25 09:47:16', 0, '0000-00-00 00:00:00'),
(27, '001', '8', 0, '2017-05-25 09:47:18', 0, '0000-00-00 00:00:00'),
(28, '001', '9', 0, '2017-05-25 09:47:22', 0, '0000-00-00 00:00:00'),
(29, '036', '1', 0, '2017-05-25 09:53:18', 0, '0000-00-00 00:00:00'),
(30, '036', '2', 0, '2017-05-25 09:53:27', 0, '0000-00-00 00:00:00'),
(31, '036', '3', 0, '2017-05-25 09:53:35', 0, '0000-00-00 00:00:00'),
(32, '036', '4', 0, '2017-05-25 09:53:43', 0, '0000-00-00 00:00:00'),
(33, '036', '5', 0, '2017-05-25 09:53:51', 0, '0000-00-00 00:00:00'),
(34, '036', '6', 0, '2017-05-25 09:54:11', 0, '0000-00-00 00:00:00'),
(35, '036', '7', 0, '2017-05-25 09:54:18', 0, '0000-00-00 00:00:00'),
(36, '036', '8', 0, '2017-05-25 09:54:37', 0, '0000-00-00 00:00:00'),
(37, '036', '9', 0, '2017-05-25 09:55:03', 0, '0000-00-00 00:00:00');

--
-- Indexes for dumped tables
--

--
-- Indexes for table `admin`
--
ALTER TABLE `admin`
 ADD PRIMARY KEY (`id`);

--
-- Indexes for table `app_family`
--
ALTER TABLE `app_family`
 ADD PRIMARY KEY (`id`);

--
-- Indexes for table `app_finance`
--
ALTER TABLE `app_finance`
 ADD PRIMARY KEY (`id`);

--
-- Indexes for table `app_interested_service`
--
ALTER TABLE `app_interested_service`
 ADD PRIMARY KEY (`id`);

--
-- Indexes for table `app_personal`
--
ALTER TABLE `app_personal`
 ADD PRIMARY KEY (`id`);

--
-- Indexes for table `coord_comments`
--
ALTER TABLE `coord_comments`
 ADD PRIMARY KEY (`pri_id`);

--
-- Indexes for table `district`
--
ALTER TABLE `district`
 ADD PRIMARY KEY (`id`);

--
-- Indexes for table `front_set`
--
ALTER TABLE `front_set`
 ADD PRIMARY KEY (`id`);

--
-- Indexes for table `ref_comments`
--
ALTER TABLE `ref_comments`
 ADD PRIMARY KEY (`pri_id`);

--
-- Indexes for table `services`
--
ALTER TABLE `services`
 ADD PRIMARY KEY (`id`);

--
-- Indexes for table `service_authority`
--
ALTER TABLE `service_authority`
 ADD PRIMARY KEY (`id`);

--
-- Indexes for table `service_provide_list`
--
ALTER TABLE `service_provide_list`
 ADD PRIMARY KEY (`id`);

--
-- Indexes for table `sub_district`
--
ALTER TABLE `sub_district`
 ADD PRIMARY KEY (`id`);

--
-- Indexes for table `union`
--
ALTER TABLE `union`
 ADD PRIMARY KEY (`id`);

--
-- Indexes for table `user`
--
ALTER TABLE `user`
 ADD PRIMARY KEY (`id`);

--
-- Indexes for table `village`
--
ALTER TABLE `village`
 ADD PRIMARY KEY (`id`);

--
-- Indexes for table `word`
--
ALTER TABLE `word`
 ADD PRIMARY KEY (`id`);

--
-- AUTO_INCREMENT for dumped tables
--

--
-- AUTO_INCREMENT for table `admin`
--
ALTER TABLE `admin`
MODIFY `id` int(11) NOT NULL AUTO_INCREMENT,AUTO_INCREMENT=2;
--
-- AUTO_INCREMENT for table `app_family`
--
ALTER TABLE `app_family`
MODIFY `id` int(11) NOT NULL AUTO_INCREMENT,AUTO_INCREMENT=3;
--
-- AUTO_INCREMENT for table `app_finance`
--
ALTER TABLE `app_finance`
MODIFY `id` int(11) NOT NULL AUTO_INCREMENT,AUTO_INCREMENT=3;
--
-- AUTO_INCREMENT for table `app_interested_service`
--
ALTER TABLE `app_interested_service`
MODIFY `id` int(11) NOT NULL AUTO_INCREMENT,AUTO_INCREMENT=3;
--
-- AUTO_INCREMENT for table `app_personal`
--
ALTER TABLE `app_personal`
MODIFY `id` int(11) NOT NULL AUTO_INCREMENT,AUTO_INCREMENT=3;
--
-- AUTO_INCREMENT for table `coord_comments`
--
ALTER TABLE `coord_comments`
MODIFY `pri_id` int(11) NOT NULL AUTO_INCREMENT,AUTO_INCREMENT=3;
--
-- AUTO_INCREMENT for table `district`
--
ALTER TABLE `district`
MODIFY `id` int(11) NOT NULL AUTO_INCREMENT,AUTO_INCREMENT=12;
--
-- AUTO_INCREMENT for table `front_set`
--
ALTER TABLE `front_set`
MODIFY `id` int(11) NOT NULL AUTO_INCREMENT,AUTO_INCREMENT=2;
--
-- AUTO_INCREMENT for table `ref_comments`
--
ALTER TABLE `ref_comments`
MODIFY `pri_id` int(11) NOT NULL AUTO_INCREMENT,AUTO_INCREMENT=5;
--
-- AUTO_INCREMENT for table `services`
--
ALTER TABLE `services`
MODIFY `id` int(11) NOT NULL AUTO_INCREMENT,AUTO_INCREMENT=27;
--
-- AUTO_INCREMENT for table `service_authority`
--
ALTER TABLE `service_authority`
MODIFY `id` int(11) NOT NULL AUTO_INCREMENT,AUTO_INCREMENT=14;
--
-- AUTO_INCREMENT for table `service_provide_list`
--
ALTER TABLE `service_provide_list`
MODIFY `id` int(11) NOT NULL AUTO_INCREMENT,AUTO_INCREMENT=6;
--
-- AUTO_INCREMENT for table `sub_district`
--
ALTER TABLE `sub_district`
MODIFY `id` int(11) NOT NULL AUTO_INCREMENT,AUTO_INCREMENT=9;
--
-- AUTO_INCREMENT for table `union`
--
ALTER TABLE `union`
MODIFY `id` int(11) NOT NULL AUTO_INCREMENT,AUTO_INCREMENT=56;
--
-- AUTO_INCREMENT for table `user`
--
ALTER TABLE `user`
MODIFY `id` int(11) NOT NULL AUTO_INCREMENT,AUTO_INCREMENT=6;
--
-- AUTO_INCREMENT for table `village`
--
ALTER TABLE `village`
MODIFY `id` int(11) NOT NULL AUTO_INCREMENT;
--
-- AUTO_INCREMENT for table `word`
--
ALTER TABLE `word`
MODIFY `id` int(11) NOT NULL AUTO_INCREMENT,AUTO_INCREMENT=38;
/*!40101 SET CHARACTER_SET_CLIENT=@OLD_CHARACTER_SET_CLIENT */;
/*!40101 SET CHARACTER_SET_RESULTS=@OLD_CHARACTER_SET_RESULTS */;
/*!40101 SET COLLATION_CONNECTION=@OLD_COLLATION_CONNECTION */;
